session_id,group_name,group_id,post_id,check_time,elapsed_minutes,views,likes,reposts,published_at,post_text_preview
"20250921_1425","chp_nn","93211868","889742","2025-09-21T11:25:07.981Z",0,88444,961,1506,"2025-09-20T04:37:48.000Z","❗😁 Не для слабонервных: в Сети всплыли жуткие кадры страшного преступления  Щенок корги нашёл дома "
"20250921_1425","chp_nn","93211868","890352","2025-09-21T11:25:07.985Z",0,658,3,5,"2025-09-21T11:00:46.000Z","❗Нижегородский школьник вырастил гигантский овощ   15-летний парень из Навашинского округа привёз св"
"20250921_1425","chp_nn","93211868","890324","2025-09-21T11:25:07.985Z",0,2116,1,0,"2025-09-21T10:00:00.000Z","Забирайте всего за 1 рубль! Яйца куриные 365 ДНЕЙ, С2, 10 шт. за 1₽ при покупке от 3000 ₽ 1 чек =1 т"
"20250921_1425","chp_nn","93211868","890285","2025-09-21T11:25:07.985Z",0,11099,52,139,"2025-09-21T08:10:10.000Z","❗🤯 Жуткое ДТП на М5: водитель уснул за рулём    22-летний водитель «Kia Rio» выехал на встречку, ст"
"20250921_1425","chp_nn","93211868","890236","2025-09-21T11:25:07.985Z",0,40447,40,68,"2025-09-21T05:24:40.000Z","❗Появились подробности ДТП [https://vk.com/wall-93211868_890140|на проспекте Гагарина]   По данным Г"
"20250921_1425","chp_nn","93211868","890140","2025-09-21T11:25:07.985Z",0,23251,53,71,"2025-09-20T19:03:44.000Z","❗Массовая авария с участием скорой помощи произошла на проспекте Гагарина   Предварительно, легковуш"
"20250921_1425","chp_nn","93211868","890130","2025-09-21T11:25:07.985Z",0,7009,20,3,"2025-09-20T18:38:15.000Z","❗Джазовый фестиваль в парке «Швейцария»"
"20250921_1425","chp_nn","93211868","890055","2025-09-21T11:25:07.985Z",0,49002,136,130,"2025-09-20T16:25:37.000Z","❗Взятка в 50 тысяч обернулась для инспектора ДПС миллионным штрафом    В июне 2025 года старший инсп"
"20250921_1425","chp_nn","93211868","890030","2025-09-21T11:25:07.985Z",0,13048,15,13,"2025-09-20T15:00:00.000Z","Просторный дом 121.5 м² в коттеджном посёлке «КП Майдан». Ипотека 6%!  Предлагаем вашему вниманию со"
"20250921_1425","chp_nn","93211868","890024","2025-09-21T11:25:07.985Z",0,12029,33,37,"2025-09-20T14:35:22.000Z","❗Вчерашнее ДТП на объездной дороге г. Кстово, сразу за поселком Зелецино   Водительница легкового ав"
"20250921_1438","chp_nn","93211868","889742","2025-09-21T11:38:12.208Z",0,88651,963,1510,"2025-09-20T04:37:48.000Z","❗😁 Не для слабонервных: в Сети всплыли жуткие кадры страшного преступления  Щенок корги нашёл дома "
"20250921_1438","chp_nn","93211868","890352","2025-09-21T11:38:12.208Z",0,905,8,5,"2025-09-21T11:00:46.000Z","❗Нижегородский школьник вырастил гигантский овощ   15-летний парень из Навашинского округа привёз св"
"20250921_1438","chp_nn","93211868","890324","2025-09-21T11:38:12.208Z",0,2771,1,0,"2025-09-21T10:00:00.000Z","Забирайте всего за 1 рубль! Яйца куриные 365 ДНЕЙ, С2, 10 шт. за 1₽ при покупке от 3000 ₽ 1 чек =1 т"
"20250921_1438","chp_nn","93211868","890285","2025-09-21T11:38:12.208Z",0,11870,54,144,"2025-09-21T08:10:10.000Z","❗🤯 Жуткое ДТП на М5: водитель уснул за рулём    22-летний водитель «Kia Rio» выехал на встречку, ст"
"20250921_1438","chp_nn","93211868","890236","2025-09-21T11:38:12.208Z",0,41289,41,68,"2025-09-21T05:24:40.000Z","❗Появились подробности ДТП [https://vk.com/wall-93211868_890140|на проспекте Гагарина]   По данным Г"
"20250921_1438","chp_nn","93211868","890140","2025-09-21T11:38:12.208Z",0,23439,53,71,"2025-09-20T19:03:44.000Z","❗Массовая авария с участием скорой помощи произошла на проспекте Гагарина   Предварительно, легковуш"
"20250921_1438","chp_nn","93211868","890130","2025-09-21T11:38:12.208Z",0,7098,20,3,"2025-09-20T18:38:15.000Z","❗Джазовый фестиваль в парке «Швейцария»"
"20250921_1438","chp_nn","93211868","890055","2025-09-21T11:38:12.208Z",0,49527,139,130,"2025-09-20T16:25:37.000Z","❗Взятка в 50 тысяч обернулась для инспектора ДПС миллионным штрафом    В июне 2025 года старший инсп"
"20250921_1438","chp_nn","93211868","890030","2025-09-21T11:38:12.208Z",0,13175,16,13,"2025-09-20T15:00:00.000Z","Просторный дом 121.5 м² в коттеджном посёлке «КП Майдан». Ипотека 6%!  Предлагаем вашему вниманию со"
"20250921_1438","chp_nn","93211868","890024","2025-09-21T11:38:12.208Z",0,12147,33,37,"2025-09-20T14:35:22.000Z","❗Вчерашнее ДТП на объездной дороге г. Кстово, сразу за поселком Зелецино   Водительница легкового ав"
"20250921_1441","chp_nn","93211868","889742","2025-09-21T11:41:08.182Z",0,88691,963,1510,"2025-09-20T04:37:48.000Z","❗😁 Не для слабонервных: в Сети всплыли жуткие кадры страшного преступления  Щенок корги нашёл дома "
"20250921_1441","chp_nn","93211868","890352","2025-09-21T11:41:08.186Z",0,955,8,5,"2025-09-21T11:00:46.000Z","❗Нижегородский школьник вырастил гигантский овощ   15-летний парень из Навашинского округа привёз св"
"20250921_1441","chp_nn","93211868","890324","2025-09-21T11:41:08.186Z",0,2891,1,0,"2025-09-21T10:00:00.000Z","Забирайте всего за 1 рубль! Яйца куриные 365 ДНЕЙ, С2, 10 шт. за 1₽ при покупке от 3000 ₽ 1 чек =1 т"
"20250921_1441","chp_nn","93211868","890285","2025-09-21T11:41:08.186Z",0,12272,55,145,"2025-09-21T08:10:10.000Z","❗🤯 Жуткое ДТП на М5: водитель уснул за рулём    22-летний водитель «Kia Rio» выехал на встречку, ст"
"20250921_1441","chp_nn","93211868","890236","2025-09-21T11:41:08.186Z",0,41481,41,69,"2025-09-21T05:24:40.000Z","❗Появились подробности ДТП [https://vk.com/wall-93211868_890140|на проспекте Гагарина]   По данным Г"
"20250921_1441","chp_nn","93211868","890140","2025-09-21T11:41:08.186Z",0,23475,53,71,"2025-09-20T19:03:44.000Z","❗Массовая авария с участием скорой помощи произошла на проспекте Гагарина   Предварительно, легковуш"
"20250921_1441","chp_nn","93211868","890130","2025-09-21T11:41:08.186Z",0,7116,20,3,"2025-09-20T18:38:15.000Z","❗Джазовый фестиваль в парке «Швейцария»"
"20250921_1441","chp_nn","93211868","890055","2025-09-21T11:41:08.186Z",0,49654,139,130,"2025-09-20T16:25:37.000Z","❗Взятка в 50 тысяч обернулась для инспектора ДПС миллионным штрафом    В июне 2025 года старший инсп"
"20250921_1441","chp_nn","93211868","890030","2025-09-21T11:41:08.186Z",0,13208,16,13,"2025-09-20T15:00:00.000Z","Просторный дом 121.5 м² в коттеджном посёлке «КП Майдан». Ипотека 6%!  Предлагаем вашему вниманию со"
"20250921_1441","chp_nn","93211868","890024","2025-09-21T11:41:08.186Z",0,12170,33,37,"2025-09-20T14:35:22.000Z","❗Вчерашнее ДТП на объездной дороге г. Кстово, сразу за поселком Зелецино   Водительница легкового ав"
"20250921_1441","chp_nn","93211868","889742","2025-09-21T11:46:08.902Z",5,88746,963,1510,"2025-09-20T04:37:48.000Z","❗😁 Не для слабонервных: в Сети всплыли жуткие кадры страшного преступления  Щенок корги нашёл дома "
"20250921_1441","chp_nn","93211868","890352","2025-09-21T11:46:08.902Z",5,1030,8,5,"2025-09-21T11:00:46.000Z","❗Нижегородский школьник вырастил гигантский овощ   15-летний парень из Навашинского округа привёз св"
"20250921_1441","chp_nn","93211868","890324","2025-09-21T11:46:08.902Z",5,3111,1,0,"2025-09-21T10:00:00.000Z","Забирайте всего за 1 рубль! Яйца куриные 365 ДНЕЙ, С2, 10 шт. за 1₽ при покупке от 3000 ₽ 1 чек =1 т"
"20250921_1441","chp_nn","93211868","890285","2025-09-21T11:46:08.902Z",5,12848,56,153,"2025-09-21T08:10:10.000Z","❗🤯 Жуткое ДТП на М5: водитель уснул за рулём    22-летний водитель «Kia Rio» выехал на встречку, ст"
"20250921_1441","chp_nn","93211868","890236","2025-09-21T11:46:08.902Z",5,41805,41,69,"2025-09-21T05:24:40.000Z","❗Появились подробности ДТП [https://vk.com/wall-93211868_890140|на проспекте Гагарина]   По данным Г"
"20250921_1441","chp_nn","93211868","890140","2025-09-21T11:46:08.902Z",5,23539,53,71,"2025-09-20T19:03:44.000Z","❗Массовая авария с участием скорой помощи произошла на проспекте Гагарина   Предварительно, легковуш"
"20250921_1441","chp_nn","93211868","890130","2025-09-21T11:46:08.902Z",5,7133,20,3,"2025-09-20T18:38:15.000Z","❗Джазовый фестиваль в парке «Швейцария»"
"20250921_1441","chp_nn","93211868","890055","2025-09-21T11:46:08.902Z",5,49844,139,130,"2025-09-20T16:25:37.000Z","❗Взятка в 50 тысяч обернулась для инспектора ДПС миллионным штрафом    В июне 2025 года старший инсп"
"20250921_1441","chp_nn","93211868","890030","2025-09-21T11:46:08.902Z",5,13254,16,13,"2025-09-20T15:00:00.000Z","Просторный дом 121.5 м² в коттеджном посёлке «КП Майдан». Ипотека 6%!  Предлагаем вашему вниманию со"
"20250921_1441","chp_nn","93211868","890024","2025-09-21T11:46:08.902Z",5,12197,33,37,"2025-09-20T14:35:22.000Z","❗Вчерашнее ДТП на объездной дороге г. Кстово, сразу за поселком Зелецино   Водительница легкового ав"
"20250921_1450","chp_nn","93211868","889742","2025-09-21T11:50:01.997Z",0,88802,963,1510,"2025-09-20T04:37:48.000Z","❗😁 Не для слабонервных: в Сети всплыли жуткие кадры страшного преступления  Щенок корги нашёл дома "
"20250921_1450","chp_nn","93211868","890352","2025-09-21T11:50:01.997Z",0,1089,8,5,"2025-09-21T11:00:46.000Z","❗Нижегородский школьник вырастил гигантский овощ   15-летний парень из Навашинского округа привёз св"
"20250921_1450","chp_nn","93211868","890324","2025-09-21T11:50:01.997Z",0,3255,1,0,"2025-09-21T10:00:00.000Z","Забирайте всего за 1 рубль! Яйца куриные 365 ДНЕЙ, С2, 10 шт. за 1₽ при покупке от 3000 ₽ 1 чек =1 т"
"20250921_1450","chp_nn","93211868","890285","2025-09-21T11:50:01.997Z",0,13289,57,157,"2025-09-21T08:10:10.000Z","❗🤯 Жуткое ДТП на М5: водитель уснул за рулём    22-летний водитель «Kia Rio» выехал на встречку, ст"
"20250921_1450","chp_nn","93211868","890236","2025-09-21T11:50:01.997Z",0,42017,41,69,"2025-09-21T05:24:40.000Z","❗Появились подробности ДТП [https://vk.com/wall-93211868_890140|на проспекте Гагарина]   По данным Г"
"20250921_1450","chp_nn","93211868","890140","2025-09-21T11:50:01.997Z",0,23587,53,71,"2025-09-20T19:03:44.000Z","❗Массовая авария с участием скорой помощи произошла на проспекте Гагарина   Предварительно, легковуш"
"20250921_1450","chp_nn","93211868","890130","2025-09-21T11:50:01.997Z",0,7145,20,3,"2025-09-20T18:38:15.000Z","❗Джазовый фестиваль в парке «Швейцария»"
"20250921_1450","chp_nn","93211868","890055","2025-09-21T11:50:01.997Z",0,49976,139,131,"2025-09-20T16:25:37.000Z","❗Взятка в 50 тысяч обернулась для инспектора ДПС миллионным штрафом    В июне 2025 года старший инсп"
"20250921_1450","chp_nn","93211868","890030","2025-09-21T11:50:01.997Z",0,13292,16,13,"2025-09-20T15:00:00.000Z","Просторный дом 121.5 м² в коттеджном посёлке «КП Майдан». Ипотека 6%!  Предлагаем вашему вниманию со"
"20250921_1450","chp_nn","93211868","890024","2025-09-21T11:50:01.997Z",0,12220,33,37,"2025-09-20T14:35:22.000Z","❗Вчерашнее ДТП на объездной дороге г. Кстово, сразу за поселком Зелецино   Водительница легкового ав"
"20250921_1441","chp_nn","93211868","889742","2025-09-21T11:51:08.848Z",10,88822,963,1511,"2025-09-20T04:37:48.000Z","❗😁 Не для слабонервных: в Сети всплыли жуткие кадры страшного преступления  Щенок корги нашёл дома "
"20250921_1441","chp_nn","93211868","890352","2025-09-21T11:51:08.848Z",10,1110,8,5,"2025-09-21T11:00:46.000Z","❗Нижегородский школьник вырастил гигантский овощ   15-летний парень из Навашинского округа привёз св"
"20250921_1441","chp_nn","93211868","890324","2025-09-21T11:51:08.848Z",10,3300,1,0,"2025-09-21T10:00:00.000Z","Забирайте всего за 1 рубль! Яйца куриные 365 ДНЕЙ, С2, 10 шт. за 1₽ при покупке от 3000 ₽ 1 чек =1 т"
"20250921_1441","chp_nn","93211868","890285","2025-09-21T11:51:08.848Z",10,13405,57,158,"2025-09-21T08:10:10.000Z","❗🤯 Жуткое ДТП на М5: водитель уснул за рулём    22-летний водитель «Kia Rio» выехал на встречку, ст"
"20250921_1441","chp_nn","93211868","890236","2025-09-21T11:51:08.848Z",10,42089,42,69,"2025-09-21T05:24:40.000Z","❗Появились подробности ДТП [https://vk.com/wall-93211868_890140|на проспекте Гагарина]   По данным Г"
"20250921_1441","chp_nn","93211868","890140","2025-09-21T11:51:08.848Z",10,23602,53,71,"2025-09-20T19:03:44.000Z","❗Массовая авария с участием скорой помощи произошла на проспекте Гагарина   Предварительно, легковуш"
"20250921_1441","chp_nn","93211868","890130","2025-09-21T11:51:08.848Z",10,7153,20,3,"2025-09-20T18:38:15.000Z","❗Джазовый фестиваль в парке «Швейцария»"
"20250921_1441","chp_nn","93211868","890055","2025-09-21T11:51:08.848Z",10,50024,139,131,"2025-09-20T16:25:37.000Z","❗Взятка в 50 тысяч обернулась для инспектора ДПС миллионным штрафом    В июне 2025 года старший инсп"
"20250921_1441","chp_nn","93211868","890030","2025-09-21T11:51:08.848Z",10,13300,16,13,"2025-09-20T15:00:00.000Z","Просторный дом 121.5 м² в коттеджном посёлке «КП Майдан». Ипотека 6%!  Предлагаем вашему вниманию со"
"20250921_1441","chp_nn","93211868","890024","2025-09-21T11:51:08.848Z",10,12229,33,37,"2025-09-20T14:35:22.000Z","❗Вчерашнее ДТП на объездной дороге г. Кстово, сразу за поселком Зелецино   Водительница легкового ав"
"20250921_1450","chp_nn","93211868","889742","2025-09-21T11:55:02.583Z",5,88881,964,1513,"2025-09-20T04:37:48.000Z","❗😁 Не для слабонервных: в Сети всплыли жуткие кадры страшного преступления  Щенок корги нашёл дома "
"20250921_1450","chp_nn","93211868","890352","2025-09-21T11:55:02.583Z",5,1165,8,5,"2025-09-21T11:00:46.000Z","❗Нижегородский школьник вырастил гигантский овощ   15-летний парень из Навашинского округа привёз св"
"20250921_1450","chp_nn","93211868","890324","2025-09-21T11:55:02.583Z",5,3478,1,0,"2025-09-21T10:00:00.000Z","Забирайте всего за 1 рубль! Яйца куриные 365 ДНЕЙ, С2, 10 шт. за 1₽ при покупке от 3000 ₽ 1 чек =1 т"
"20250921_1450","chp_nn","93211868","890285","2025-09-21T11:55:02.583Z",5,13789,61,163,"2025-09-21T08:10:10.000Z","❗🤯 Жуткое ДТП на М5: водитель уснул за рулём    22-летний водитель «Kia Rio» выехал на встречку, ст"
"20250921_1450","chp_nn","93211868","890236","2025-09-21T11:55:02.583Z",5,42315,43,69,"2025-09-21T05:24:40.000Z","❗Появились подробности ДТП [https://vk.com/wall-93211868_890140|на проспекте Гагарина]   По данным Г"
"20250921_1450","chp_nn","93211868","890140","2025-09-21T11:55:02.583Z",5,23663,53,71,"2025-09-20T19:03:44.000Z","❗Массовая авария с участием скорой помощи произошла на проспекте Гагарина   Предварительно, легковуш"
"20250921_1450","chp_nn","93211868","890130","2025-09-21T11:55:02.583Z",5,7171,20,3,"2025-09-20T18:38:15.000Z","❗Джазовый фестиваль в парке «Швейцария»"
"20250921_1450","chp_nn","93211868","890055","2025-09-21T11:55:02.583Z",5,50177,139,131,"2025-09-20T16:25:37.000Z","❗Взятка в 50 тысяч обернулась для инспектора ДПС миллионным штрафом    В июне 2025 года старший инсп"
"20250921_1450","chp_nn","93211868","890030","2025-09-21T11:55:02.583Z",5,13331,16,13,"2025-09-20T15:00:00.000Z","Просторный дом 121.5 м² в коттеджном посёлке «КП Майдан». Ипотека 6%!  Предлагаем вашему вниманию со"
"20250921_1450","chp_nn","93211868","890024","2025-09-21T11:55:02.583Z",5,12260,33,37,"2025-09-20T14:35:22.000Z","❗Вчерашнее ДТП на объездной дороге г. Кстово, сразу за поселком Зелецино   Водительница легкового ав"
"20250921_1441","chp_nn","93211868","889742","2025-09-21T11:56:08.827Z",15,88899,964,1513,"2025-09-20T04:37:48.000Z","❗😁 Не для слабонервных: в Сети всплыли жуткие кадры страшного преступления  Щенок корги нашёл дома "
"20250921_1441","chp_nn","93211868","890352","2025-09-21T11:56:08.827Z",15,1179,8,5,"2025-09-21T11:00:46.000Z","❗Нижегородский школьник вырастил гигантский овощ   15-летний парень из Навашинского округа привёз св"
"20250921_1441","chp_nn","93211868","890324","2025-09-21T11:56:08.827Z",15,3523,1,0,"2025-09-21T10:00:00.000Z","Забирайте всего за 1 рубль! Яйца куриные 365 ДНЕЙ, С2, 10 шт. за 1₽ при покупке от 3000 ₽ 1 чек =1 т"
"20250921_1441","chp_nn","93211868","890285","2025-09-21T11:56:08.827Z",15,13889,62,165,"2025-09-21T08:10:10.000Z","❗🤯 Жуткое ДТП на М5: водитель уснул за рулём    22-летний водитель «Kia Rio» выехал на встречку, ст"
"20250921_1441","chp_nn","93211868","890236","2025-09-21T11:56:08.827Z",15,42398,43,69,"2025-09-21T05:24:40.000Z","❗Появились подробности ДТП [https://vk.com/wall-93211868_890140|на проспекте Гагарина]   По данным Г"
"20250921_1441","chp_nn","93211868","890140","2025-09-21T11:56:08.827Z",15,23678,53,71,"2025-09-20T19:03:44.000Z","❗Массовая авария с участием скорой помощи произошла на проспекте Гагарина   Предварительно, легковуш"
"20250921_1441","chp_nn","93211868","890130","2025-09-21T11:56:08.827Z",15,7177,20,3,"2025-09-20T18:38:15.000Z","❗Джазовый фестиваль в парке «Швейцария»"
"20250921_1441","chp_nn","93211868","890055","2025-09-21T11:56:08.827Z",15,50218,139,131,"2025-09-20T16:25:37.000Z","❗Взятка в 50 тысяч обернулась для инспектора ДПС миллионным штрафом    В июне 2025 года старший инсп"
"20250921_1441","chp_nn","93211868","890030","2025-09-21T11:56:08.827Z",15,13340,16,13,"2025-09-20T15:00:00.000Z","Просторный дом 121.5 м² в коттеджном посёлке «КП Майдан». Ипотека 6%!  Предлагаем вашему вниманию со"
"20250921_1441","chp_nn","93211868","890024","2025-09-21T11:56:08.827Z",15,12268,33,37,"2025-09-20T14:35:22.000Z","❗Вчерашнее ДТП на объездной дороге г. Кстово, сразу за поселком Зелецино   Водительница легкового ав"
"20250921_1450","chp_nn","93211868","889742","2025-09-21T12:00:03.866Z",10,88948,965,1515,"2025-09-20T04:37:48.000Z","❗😁 Не для слабонервных: в Сети всплыли жуткие кадры страшного преступления  Щенок корги нашёл дома "
"20250921_1450","chp_nn","93211868","890352","2025-09-21T12:00:03.866Z",10,1226,10,5,"2025-09-21T11:00:46.000Z","❗Нижегородский школьник вырастил гигантский овощ   15-летний парень из Навашинского округа привёз св"
"20250921_1450","chp_nn","93211868","890324","2025-09-21T12:00:03.866Z",10,3740,1,0,"2025-09-21T10:00:00.000Z","Забирайте всего за 1 рубль! Яйца куриные 365 ДНЕЙ, С2, 10 шт. за 1₽ при покупке от 3000 ₽ 1 чек =1 т"
"20250921_1450","chp_nn","93211868","890285","2025-09-21T12:00:03.866Z",10,14235,63,170,"2025-09-21T08:10:10.000Z","❗🤯 Жуткое ДТП на М5: водитель уснул за рулём    22-летний водитель «Kia Rio» выехал на встречку, ст"
"20250921_1450","chp_nn","93211868","890236","2025-09-21T12:00:03.866Z",10,42746,43,69,"2025-09-21T05:24:40.000Z","❗Появились подробности ДТП [https://vk.com/wall-93211868_890140|на проспекте Гагарина]   По данным Г"
"20250921_1450","chp_nn","93211868","890140","2025-09-21T12:00:03.866Z",10,23710,53,71,"2025-09-20T19:03:44.000Z","❗Массовая авария с участием скорой помощи произошла на проспекте Гагарина   Предварительно, легковуш"
"20250921_1450","chp_nn","93211868","890130","2025-09-21T12:00:03.866Z",10,7200,20,3,"2025-09-20T18:38:15.000Z","❗Джазовый фестиваль в парке «Швейцария»"
"20250921_1450","chp_nn","93211868","890055","2025-09-21T12:00:03.866Z",10,50384,139,133,"2025-09-20T16:25:37.000Z","❗Взятка в 50 тысяч обернулась для инспектора ДПС миллионным штрафом    В июне 2025 года старший инсп"
"20250921_1450","chp_nn","93211868","890030","2025-09-21T12:00:03.866Z",10,13374,16,13,"2025-09-20T15:00:00.000Z","Просторный дом 121.5 м² в коттеджном посёлке «КП Майдан». Ипотека 6%!  Предлагаем вашему вниманию со"
"20250921_1450","chp_nn","93211868","890024","2025-09-21T12:00:03.866Z",10,12302,33,37,"2025-09-20T14:35:22.000Z","❗Вчерашнее ДТП на объездной дороге г. Кстово, сразу за поселком Зелецино   Водительница легкового ав"
"20250921_1500","chp_nn","93211868","889742","2025-09-21T12:00:04.341Z",0,88948,965,1515,"2025-09-20T04:37:48.000Z","❗😁 Не для слабонервных: в Сети всплыли жуткие кадры страшного преступления  Щенок корги нашёл дома "
"20250921_1500","chp_nn","93211868","890352","2025-09-21T12:00:04.341Z",0,1226,10,5,"2025-09-21T11:00:46.000Z","❗Нижегородский школьник вырастил гигантский овощ   15-летний парень из Навашинского округа привёз св"
"20250921_1500","chp_nn","93211868","890324","2025-09-21T12:00:04.341Z",0,3741,1,0,"2025-09-21T10:00:00.000Z","Забирайте всего за 1 рубль! Яйца куриные 365 ДНЕЙ, С2, 10 шт. за 1₽ при покупке от 3000 ₽ 1 чек =1 т"
"20250921_1500","chp_nn","93211868","890285","2025-09-21T12:00:04.341Z",0,14236,63,170,"2025-09-21T08:10:10.000Z","❗🤯 Жуткое ДТП на М5: водитель уснул за рулём    22-летний водитель «Kia Rio» выехал на встречку, ст"
"20250921_1500","chp_nn","93211868","890236","2025-09-21T12:00:04.341Z",0,42746,43,69,"2025-09-21T05:24:40.000Z","❗Появились подробности ДТП [https://vk.com/wall-93211868_890140|на проспекте Гагарина]   По данным Г"
"20250921_1500","chp_nn","93211868","890140","2025-09-21T12:00:04.341Z",0,23710,53,71,"2025-09-20T19:03:44.000Z","❗Массовая авария с участием скорой помощи произошла на проспекте Гагарина   Предварительно, легковуш"
"20250921_1500","chp_nn","93211868","890130","2025-09-21T12:00:04.341Z",0,7200,20,3,"2025-09-20T18:38:15.000Z","❗Джазовый фестиваль в парке «Швейцария»"
"20250921_1500","chp_nn","93211868","890055","2025-09-21T12:00:04.341Z",0,50384,139,133,"2025-09-20T16:25:37.000Z","❗Взятка в 50 тысяч обернулась для инспектора ДПС миллионным штрафом    В июне 2025 года старший инсп"
"20250921_1500","chp_nn","93211868","890030","2025-09-21T12:00:04.341Z",0,13374,16,13,"2025-09-20T15:00:00.000Z","Просторный дом 121.5 м² в коттеджном посёлке «КП Майдан». Ипотека 6%!  Предлагаем вашему вниманию со"
"20250921_1500","chp_nn","93211868","890024","2025-09-21T12:00:04.341Z",0,12302,33,37,"2025-09-20T14:35:22.000Z","❗Вчерашнее ДТП на объездной дороге г. Кстово, сразу за поселком Зелецино   Водительница легкового ав"
"20250921_1441","chp_nn","93211868","889742","2025-09-21T12:01:08.906Z",20,88963,966,1515,"2025-09-20T04:37:48.000Z","❗😁 Не для слабонервных: в Сети всплыли жуткие кадры страшного преступления  Щенок корги нашёл дома "
"20250921_1441","chp_nn","93211868","890352","2025-09-21T12:01:08.907Z",20,1237,10,5,"2025-09-21T11:00:46.000Z","❗Нижегородский школьник вырастил гигантский овощ   15-летний парень из Навашинского округа привёз св"
"20250921_1441","chp_nn","93211868","890324","2025-09-21T12:01:08.907Z",20,3783,1,0,"2025-09-21T10:00:00.000Z","Забирайте всего за 1 рубль! Яйца куриные 365 ДНЕЙ, С2, 10 шт. за 1₽ при покупке от 3000 ₽ 1 чек =1 т"
"20250921_1441","chp_nn","93211868","890285","2025-09-21T12:01:08.907Z",20,14333,63,171,"2025-09-21T08:10:10.000Z","❗🤯 Жуткое ДТП на М5: водитель уснул за рулём    22-летний водитель «Kia Rio» выехал на встречку, ст"
"20250921_1441","chp_nn","93211868","890236","2025-09-21T12:01:08.907Z",20,42858,43,69,"2025-09-21T05:24:40.000Z","❗Появились подробности ДТП [https://vk.com/wall-93211868_890140|на проспекте Гагарина]   По данным Г"
"20250921_1441","chp_nn","93211868","890140","2025-09-21T12:01:08.907Z",20,23722,53,71,"2025-09-20T19:03:44.000Z","❗Массовая авария с участием скорой помощи произошла на проспекте Гагарина   Предварительно, легковуш"
"20250921_1441","chp_nn","93211868","890130","2025-09-21T12:01:08.907Z",20,7203,20,3,"2025-09-20T18:38:15.000Z","❗Джазовый фестиваль в парке «Швейцария»"
"20250921_1441","chp_nn","93211868","890055","2025-09-21T12:01:08.907Z",20,50412,139,133,"2025-09-20T16:25:37.000Z","❗Взятка в 50 тысяч обернулась для инспектора ДПС миллионным штрафом    В июне 2025 года старший инсп"
"20250921_1441","chp_nn","93211868","890030","2025-09-21T12:01:08.907Z",20,13380,16,13,"2025-09-20T15:00:00.000Z","Просторный дом 121.5 м² в коттеджном посёлке «КП Майдан». Ипотека 6%!  Предлагаем вашему вниманию со"
"20250921_1441","chp_nn","93211868","890024","2025-09-21T12:01:08.907Z",20,12306,33,37,"2025-09-20T14:35:22.000Z","❗Вчерашнее ДТП на объездной дороге г. Кстово, сразу за поселком Зелецино   Водительница легкового ав"
"20250921_1507","chp_nn","93211868","889742","2025-09-21T12:07:19.491Z",0,89055,966,1516,"2025-09-20T04:37:48.000Z","❗😁 Не для слабонервных: в Сети всплыли жуткие кадры страшного преступления  Щенок корги нашёл дома "
"20250921_1507","chp_nn","93211868","890352","2025-09-21T12:07:19.496Z",0,1309,11,6,"2025-09-21T11:00:46.000Z","❗Нижегородский школьник вырастил гигантский овощ   15-летний парень из Навашинского округа привёз св"
"20250921_1507","chp_nn","93211868","890324","2025-09-21T12:07:19.496Z",0,4090,2,0,"2025-09-21T10:00:00.000Z","Забирайте всего за 1 рубль! Яйца куриные 365 ДНЕЙ, С2, 10 шт. за 1₽ при покупке от 3000 ₽ 1 чек =1 т"
"20250921_1507","chp_nn","93211868","890285","2025-09-21T12:07:19.496Z",0,14844,64,176,"2025-09-21T08:10:10.000Z","❗🤯 Жуткое ДТП на М5: водитель уснул за рулём    22-летний водитель «Kia Rio» выехал на встречку, ст"
"20250921_1507","chp_nn","93211868","890236","2025-09-21T12:07:19.496Z",0,43375,45,69,"2025-09-21T05:24:40.000Z","❗Появились подробности ДТП [https://vk.com/wall-93211868_890140|на проспекте Гагарина]   По данным Г"
"20250921_1507","chp_nn","93211868","890140","2025-09-21T12:07:19.496Z",0,23785,53,71,"2025-09-20T19:03:44.000Z","❗Массовая авария с участием скорой помощи произошла на проспекте Гагарина   Предварительно, легковуш"
"20250921_1507","chp_nn","93211868","890130","2025-09-21T12:07:19.496Z",0,7228,21,3,"2025-09-20T18:38:15.000Z","❗Джазовый фестиваль в парке «Швейцария»"
"20250921_1507","chp_nn","93211868","890055","2025-09-21T12:07:19.496Z",0,50663,140,134,"2025-09-20T16:25:37.000Z","❗Взятка в 50 тысяч обернулась для инспектора ДПС миллионным штрафом    В июне 2025 года старший инсп"
"20250921_1507","chp_nn","93211868","890030","2025-09-21T12:07:19.496Z",0,13452,16,13,"2025-09-20T15:00:00.000Z","Просторный дом 121.5 м² в коттеджном посёлке «КП Майдан». Ипотека 6%!  Предлагаем вашему вниманию со"
"20250921_1507","chp_nn","93211868","890024","2025-09-21T12:07:19.496Z",0,12355,33,37,"2025-09-20T14:35:22.000Z","❗Вчерашнее ДТП на объездной дороге г. Кстово, сразу за поселком Зелецино   Водительница легкового ав"
"20250921_1510","chp_nn","93211868","889742","2025-09-21T12:10:01.782Z",0,89094,966,1518,"2025-09-20T04:37:48.000Z","❗😁 Не для слабонервных: в Сети всплыли жуткие кадры страшного преступления  Щенок корги нашёл дома "
"20250921_1510","chp_nn","93211868","890352","2025-09-21T12:10:01.782Z",0,1346,12,6,"2025-09-21T11:00:46.000Z","❗Нижегородский школьник вырастил гигантский овощ   15-летний парень из Навашинского округа привёз св"
"20250921_1510","chp_nn","93211868","890324","2025-09-21T12:10:01.782Z",0,4220,2,0,"2025-09-21T10:00:00.000Z","Забирайте всего за 1 рубль! Яйца куриные 365 ДНЕЙ, С2, 10 шт. за 1₽ при покупке от 3000 ₽ 1 чек =1 т"
"20250921_1510","chp_nn","93211868","890285","2025-09-21T12:10:01.782Z",0,15046,64,176,"2025-09-21T08:10:10.000Z","❗🤯 Жуткое ДТП на М5: водитель уснул за рулём    22-летний водитель «Kia Rio» выехал на встречку, ст"
"20250921_1510","chp_nn","93211868","890236","2025-09-21T12:10:01.782Z",0,43607,46,69,"2025-09-21T05:24:40.000Z","❗Появились подробности ДТП [https://vk.com/wall-93211868_890140|на проспекте Гагарина]   По данным Г"
"20250921_1510","chp_nn","93211868","890140","2025-09-21T12:10:01.782Z",0,23814,53,71,"2025-09-20T19:03:44.000Z","❗Массовая авария с участием скорой помощи произошла на проспекте Гагарина   Предварительно, легковуш"
"20250921_1510","chp_nn","93211868","890130","2025-09-21T12:10:01.782Z",0,7244,21,3,"2025-09-20T18:38:15.000Z","❗Джазовый фестиваль в парке «Швейцария»"
"20250921_1510","chp_nn","93211868","890055","2025-09-21T12:10:01.782Z",0,50769,139,134,"2025-09-20T16:25:37.000Z","❗Взятка в 50 тысяч обернулась для инспектора ДПС миллионным штрафом    В июне 2025 года старший инсп"
"20250921_1510","chp_nn","93211868","890030","2025-09-21T12:10:01.782Z",0,13481,16,13,"2025-09-20T15:00:00.000Z","Просторный дом 121.5 м² в коттеджном посёлке «КП Майдан». Ипотека 6%!  Предлагаем вашему вниманию со"
"20250921_1510","chp_nn","93211868","890024","2025-09-21T12:10:01.782Z",0,12373,33,37,"2025-09-20T14:35:22.000Z","❗Вчерашнее ДТП на объездной дороге г. Кстово, сразу за поселком Зелецино   Водительница легкового ав"
"20250921_1507","chp_nn","93211868","889742","2025-09-21T12:12:20.042Z",5,89130,966,1518,"2025-09-20T04:37:48.000Z","❗😁 Не для слабонервных: в Сети всплыли жуткие кадры страшного преступления  Щенок корги нашёл дома "
"20250921_1507","chp_nn","93211868","890352","2025-09-21T12:12:20.042Z",5,1378,13,6,"2025-09-21T11:00:46.000Z","❗Нижегородский школьник вырастил гигантский овощ   15-летний парень из Навашинского округа привёз св"
"20250921_1507","chp_nn","93211868","890324","2025-09-21T12:12:20.042Z",5,4342,2,0,"2025-09-21T10:00:00.000Z","Забирайте всего за 1 рубль! Яйца куриные 365 ДНЕЙ, С2, 10 шт. за 1₽ при покупке от 3000 ₽ 1 чек =1 т"
"20250921_1507","chp_nn","93211868","890285","2025-09-21T12:12:20.042Z",5,15242,64,177,"2025-09-21T08:10:10.000Z","❗🤯 Жуткое ДТП на М5: водитель уснул за рулём    22-летний водитель «Kia Rio» выехал на встречку, ст"
"20250921_1507","chp_nn","93211868","890236","2025-09-21T12:12:20.042Z",5,43798,46,70,"2025-09-21T05:24:40.000Z","❗Появились подробности ДТП [https://vk.com/wall-93211868_890140|на проспекте Гагарина]   По данным Г"
"20250921_1507","chp_nn","93211868","890140","2025-09-21T12:12:20.042Z",5,23838,53,72,"2025-09-20T19:03:44.000Z","❗Массовая авария с участием скорой помощи произошла на проспекте Гагарина   Предварительно, легковуш"
"20250921_1507","chp_nn","93211868","890130","2025-09-21T12:12:20.042Z",5,7255,21,3,"2025-09-20T18:38:15.000Z","❗Джазовый фестиваль в парке «Швейцария»"
"20250921_1507","chp_nn","93211868","890055","2025-09-21T12:12:20.042Z",5,50850,139,134,"2025-09-20T16:25:37.000Z","❗Взятка в 50 тысяч обернулась для инспектора ДПС миллионным штрафом    В июне 2025 года старший инсп"
"20250921_1507","chp_nn","93211868","890030","2025-09-21T12:12:20.042Z",5,13500,16,13,"2025-09-20T15:00:00.000Z","Просторный дом 121.5 м² в коттеджном посёлке «КП Майдан». Ипотека 6%!  Предлагаем вашему вниманию со"
"20250921_1507","chp_nn","93211868","890024","2025-09-21T12:12:20.042Z",5,12390,33,37,"2025-09-20T14:35:22.000Z","❗Вчерашнее ДТП на объездной дороге г. Кстово, сразу за поселком Зелецино   Водительница легкового ав"
"20250921_1510","chp_nn","93211868","889742","2025-09-21T12:15:02.361Z",5,89173,967,1521,"2025-09-20T04:37:48.000Z","❗😁 Не для слабонервных: в Сети всплыли жуткие кадры страшного преступления  Щенок корги нашёл дома "
"20250921_1510","chp_nn","93211868","890352","2025-09-21T12:15:02.361Z",5,1401,13,6,"2025-09-21T11:00:46.000Z","❗Нижегородский школьник вырастил гигантский овощ   15-летний парень из Навашинского округа привёз св"
"20250921_1510","chp_nn","93211868","890324","2025-09-21T12:15:02.361Z",5,4480,2,0,"2025-09-21T10:00:00.000Z","Забирайте всего за 1 рубль! Яйца куриные 365 ДНЕЙ, С2, 10 шт. за 1₽ при покупке от 3000 ₽ 1 чек =1 т"
"20250921_1510","chp_nn","93211868","890285","2025-09-21T12:15:02.361Z",5,15471,64,181,"2025-09-21T08:10:10.000Z","❗🤯 Жуткое ДТП на М5: водитель уснул за рулём    22-летний водитель «Kia Rio» выехал на встречку, ст"
"20250921_1510","chp_nn","93211868","890236","2025-09-21T12:15:02.361Z",5,44035,46,70,"2025-09-21T05:24:40.000Z","❗Появились подробности ДТП [https://vk.com/wall-93211868_890140|на проспекте Гагарина]   По данным Г"
"20250921_1510","chp_nn","93211868","890140","2025-09-21T12:15:02.361Z",5,23872,53,73,"2025-09-20T19:03:44.000Z","❗Массовая авария с участием скорой помощи произошла на проспекте Гагарина   Предварительно, легковуш"
"20250921_1510","chp_nn","93211868","890130","2025-09-21T12:15:02.361Z",5,7270,21,3,"2025-09-20T18:38:15.000Z","❗Джазовый фестиваль в парке «Швейцария»"
"20250921_1510","chp_nn","93211868","890055","2025-09-21T12:15:02.361Z",5,50955,139,134,"2025-09-20T16:25:37.000Z","❗Взятка в 50 тысяч обернулась для инспектора ДПС миллионным штрафом    В июне 2025 года старший инсп"
"20250921_1510","chp_nn","93211868","890030","2025-09-21T12:15:02.361Z",5,13515,16,13,"2025-09-20T15:00:00.000Z","Просторный дом 121.5 м² в коттеджном посёлке «КП Майдан». Ипотека 6%!  Предлагаем вашему вниманию со"
"20250921_1510","chp_nn","93211868","890024","2025-09-21T12:15:02.361Z",5,12411,33,37,"2025-09-20T14:35:22.000Z","❗Вчерашнее ДТП на объездной дороге г. Кстово, сразу за поселком Зелецино   Водительница легкового ав"
"20250921_1507","chp_nn","93211868","889742","2025-09-21T12:17:19.946Z",10,89204,967,1521,"2025-09-20T04:37:48.000Z","❗😁 Не для слабонервных: в Сети всплыли жуткие кадры страшного преступления  Щенок корги нашёл дома "
"20250921_1507","chp_nn","93211868","890352","2025-09-21T12:17:19.946Z",10,1430,13,6,"2025-09-21T11:00:46.000Z","❗Нижегородский школьник вырастил гигантский овощ   15-летний парень из Навашинского округа привёз св"
"20250921_1507","chp_nn","93211868","890324","2025-09-21T12:17:19.946Z",10,4597,2,0,"2025-09-21T10:00:00.000Z","Забирайте всего за 1 рубль! Яйца куриные 365 ДНЕЙ, С2, 10 шт. за 1₽ при покупке от 3000 ₽ 1 чек =1 т"
"20250921_1507","chp_nn","93211868","890285","2025-09-21T12:17:19.946Z",10,15638,64,182,"2025-09-21T08:10:10.000Z","❗🤯 Жуткое ДТП на М5: водитель уснул за рулём    22-летний водитель «Kia Rio» выехал на встречку, ст"
"20250921_1507","chp_nn","93211868","890236","2025-09-21T12:17:19.946Z",10,44228,46,70,"2025-09-21T05:24:40.000Z","❗Появились подробности ДТП [https://vk.com/wall-93211868_890140|на проспекте Гагарина]   По данным Г"
"20250921_1507","chp_nn","93211868","890140","2025-09-21T12:17:19.946Z",10,23902,53,73,"2025-09-20T19:03:44.000Z","❗Массовая авария с участием скорой помощи произошла на проспекте Гагарина   Предварительно, легковуш"
"20250921_1507","chp_nn","93211868","890130","2025-09-21T12:17:19.946Z",10,7284,21,3,"2025-09-20T18:38:15.000Z","❗Джазовый фестиваль в парке «Швейцария»"
"20250921_1507","chp_nn","93211868","890055","2025-09-21T12:17:19.946Z",10,51059,139,134,"2025-09-20T16:25:37.000Z","❗Взятка в 50 тысяч обернулась для инспектора ДПС миллионным штрафом    В июне 2025 года старший инсп"
"20250921_1507","chp_nn","93211868","890030","2025-09-21T12:17:19.946Z",10,13535,16,13,"2025-09-20T15:00:00.000Z","Просторный дом 121.5 м² в коттеджном посёлке «КП Майдан». Ипотека 6%!  Предлагаем вашему вниманию со"
"20250921_1507","chp_nn","93211868","890024","2025-09-21T12:17:19.946Z",10,12424,33,37,"2025-09-20T14:35:22.000Z","❗Вчерашнее ДТП на объездной дороге г. Кстово, сразу за поселком Зелецино   Водительница легкового ав"
"20250921_1520","chp_nn","93211868","889742","2025-09-21T12:20:01.381Z",0,89238,967,1521,"2025-09-20T04:37:48.000Z","❗😁 Не для слабонервных: в Сети всплыли жуткие кадры страшного преступления  Щенок корги нашёл дома "
"20250921_1520","chp_nn","93211868","890352","2025-09-21T12:20:01.381Z",0,1459,13,6,"2025-09-21T11:00:46.000Z","❗Нижегородский школьник вырастил гигантский овощ   15-летний парень из Навашинского округа привёз св"
"20250921_1520","chp_nn","93211868","890324","2025-09-21T12:20:01.381Z",0,4706,2,0,"2025-09-21T10:00:00.000Z","Забирайте всего за 1 рубль! Яйца куриные 365 ДНЕЙ, С2, 10 шт. за 1₽ при покупке от 3000 ₽ 1 чек =1 т"
"20250921_1520","chp_nn","93211868","890285","2025-09-21T12:20:01.381Z",0,15824,64,184,"2025-09-21T08:10:10.000Z","❗🤯 Жуткое ДТП на М5: водитель уснул за рулём    22-летний водитель «Kia Rio» выехал на встречку, ст"
"20250921_1520","chp_nn","93211868","890236","2025-09-21T12:20:01.381Z",0,44454,46,70,"2025-09-21T05:24:40.000Z","❗Появились подробности ДТП [https://vk.com/wall-93211868_890140|на проспекте Гагарина]   По данным Г"
"20250921_1520","chp_nn","93211868","890140","2025-09-21T12:20:01.381Z",0,23939,53,73,"2025-09-20T19:03:44.000Z","❗Массовая авария с участием скорой помощи произошла на проспекте Гагарина   Предварительно, легковуш"
"20250921_1520","chp_nn","93211868","890130","2025-09-21T12:20:01.381Z",0,7297,21,3,"2025-09-20T18:38:15.000Z","❗Джазовый фестиваль в парке «Швейцария»"
"20250921_1520","chp_nn","93211868","890055","2025-09-21T12:20:01.381Z",0,51176,139,134,"2025-09-20T16:25:37.000Z","❗Взятка в 50 тысяч обернулась для инспектора ДПС миллионным штрафом    В июне 2025 года старший инсп"
"20250921_1520","chp_nn","93211868","890030","2025-09-21T12:20:01.381Z",0,13559,16,13,"2025-09-20T15:00:00.000Z","Просторный дом 121.5 м² в коттеджном посёлке «КП Майдан». Ипотека 6%!  Предлагаем вашему вниманию со"
"20250921_1520","chp_nn","93211868","890024","2025-09-21T12:20:01.381Z",0,12442,33,37,"2025-09-20T14:35:22.000Z","❗Вчерашнее ДТП на объездной дороге г. Кстово, сразу за поселком Зелецино   Водительница легкового ав"
"20250921_1510","chp_nn","93211868","889742","2025-09-21T12:20:02.247Z",10,89239,967,1521,"2025-09-20T04:37:48.000Z","❗😁 Не для слабонервных: в Сети всплыли жуткие кадры страшного преступления  Щенок корги нашёл дома "
"20250921_1510","chp_nn","93211868","890352","2025-09-21T12:20:02.247Z",10,1459,13,6,"2025-09-21T11:00:46.000Z","❗Нижегородский школьник вырастил гигантский овощ   15-летний парень из Навашинского округа привёз св"
"20250921_1510","chp_nn","93211868","890324","2025-09-21T12:20:02.247Z",10,4707,2,0,"2025-09-21T10:00:00.000Z","Забирайте всего за 1 рубль! Яйца куриные 365 ДНЕЙ, С2, 10 шт. за 1₽ при покупке от 3000 ₽ 1 чек =1 т"
"20250921_1510","chp_nn","93211868","890285","2025-09-21T12:20:02.247Z",10,15825,64,184,"2025-09-21T08:10:10.000Z","❗🤯 Жуткое ДТП на М5: водитель уснул за рулём    22-летний водитель «Kia Rio» выехал на встречку, ст"
"20250921_1510","chp_nn","93211868","890236","2025-09-21T12:20:02.247Z",10,44454,46,70,"2025-09-21T05:24:40.000Z","❗Появились подробности ДТП [https://vk.com/wall-93211868_890140|на проспекте Гагарина]   По данным Г"
"20250921_1510","chp_nn","93211868","890140","2025-09-21T12:20:02.247Z",10,23939,53,73,"2025-09-20T19:03:44.000Z","❗Массовая авария с участием скорой помощи произошла на проспекте Гагарина   Предварительно, легковуш"
"20250921_1510","chp_nn","93211868","890130","2025-09-21T12:20:02.247Z",10,7297,21,3,"2025-09-20T18:38:15.000Z","❗Джазовый фестиваль в парке «Швейцария»"
"20250921_1510","chp_nn","93211868","890055","2025-09-21T12:20:02.247Z",10,51176,139,134,"2025-09-20T16:25:37.000Z","❗Взятка в 50 тысяч обернулась для инспектора ДПС миллионным штрафом    В июне 2025 года старший инсп"
"20250921_1510","chp_nn","93211868","890030","2025-09-21T12:20:02.247Z",10,13559,16,13,"2025-09-20T15:00:00.000Z","Просторный дом 121.5 м² в коттеджном посёлке «КП Майдан». Ипотека 6%!  Предлагаем вашему вниманию со"
"20250921_1510","chp_nn","93211868","890024","2025-09-21T12:20:02.247Z",10,12442,33,37,"2025-09-20T14:35:22.000Z","❗Вчерашнее ДТП на объездной дороге г. Кстово, сразу за поселком Зелецино   Водительница легкового ав"
"20250921_1507","chp_nn","93211868","889742","2025-09-21T12:22:20.017Z",15,89266,967,1521,"2025-09-20T04:37:48.000Z","❗😁 Не для слабонервных: в Сети всплыли жуткие кадры страшного преступления  Щенок корги нашёл дома "
"20250921_1507","chp_nn","93211868","890352","2025-09-21T12:22:20.017Z",15,1493,13,6,"2025-09-21T11:00:46.000Z","❗Нижегородский школьник вырастил гигантский овощ   15-летний парень из Навашинского округа привёз св"
"20250921_1507","chp_nn","93211868","890324","2025-09-21T12:22:20.017Z",15,4821,2,0,"2025-09-21T10:00:00.000Z","Забирайте всего за 1 рубль! Яйца куриные 365 ДНЕЙ, С2, 10 шт. за 1₽ при покупке от 3000 ₽ 1 чек =1 т"
"20250921_1507","chp_nn","93211868","890285","2025-09-21T12:22:20.017Z",15,15978,65,186,"2025-09-21T08:10:10.000Z","❗🤯 Жуткое ДТП на М5: водитель уснул за рулём    22-летний водитель «Kia Rio» выехал на встречку, ст"
"20250921_1507","chp_nn","93211868","890236","2025-09-21T12:22:20.017Z",15,44632,46,71,"2025-09-21T05:24:40.000Z","❗Появились подробности ДТП [https://vk.com/wall-93211868_890140|на проспекте Гагарина]   По данным Г"
"20250921_1507","chp_nn","93211868","890140","2025-09-21T12:22:20.017Z",15,23966,53,74,"2025-09-20T19:03:44.000Z","❗Массовая авария с участием скорой помощи произошла на проспекте Гагарина   Предварительно, легковуш"
"20250921_1507","chp_nn","93211868","890130","2025-09-21T12:22:20.017Z",15,7307,21,3,"2025-09-20T18:38:15.000Z","❗Джазовый фестиваль в парке «Швейцария»"
"20250921_1507","chp_nn","93211868","890055","2025-09-21T12:22:20.017Z",15,51276,139,134,"2025-09-20T16:25:37.000Z","❗Взятка в 50 тысяч обернулась для инспектора ДПС миллионным штрафом    В июне 2025 года старший инсп"
"20250921_1507","chp_nn","93211868","890030","2025-09-21T12:22:20.017Z",15,13587,16,13,"2025-09-20T15:00:00.000Z","Просторный дом 121.5 м² в коттеджном посёлке «КП Майдан». Ипотека 6%!  Предлагаем вашему вниманию со"
"20250921_1507","chp_nn","93211868","890024","2025-09-21T12:22:20.017Z",15,12457,33,37,"2025-09-20T14:35:22.000Z","❗Вчерашнее ДТП на объездной дороге г. Кстово, сразу за поселком Зелецино   Водительница легкового ав"
"20250921_1520","chp_nn","93211868","889742","2025-09-21T12:25:02.053Z",5,89309,967,1521,"2025-09-20T04:37:48.000Z","❗😁 Не для слабонервных: в Сети всплыли жуткие кадры страшного преступления  Щенок корги нашёл дома "
"20250921_1520","chp_nn","93211868","890352","2025-09-21T12:25:02.053Z",5,1524,13,6,"2025-09-21T11:00:46.000Z","❗Нижегородский школьник вырастил гигантский овощ   15-летний парень из Навашинского округа привёз св"
"20250921_1520","chp_nn","93211868","890324","2025-09-21T12:25:02.053Z",5,4948,2,0,"2025-09-21T10:00:00.000Z","Забирайте всего за 1 рубль! Яйца куриные 365 ДНЕЙ, С2, 10 шт. за 1₽ при покупке от 3000 ₽ 1 чек =1 т"
"20250921_1520","chp_nn","93211868","890285","2025-09-21T12:25:02.053Z",5,16193,65,187,"2025-09-21T08:10:10.000Z","❗🤯 Жуткое ДТП на М5: водитель уснул за рулём    22-летний водитель «Kia Rio» выехал на встречку, ст"
"20250921_1520","chp_nn","93211868","890236","2025-09-21T12:25:02.053Z",5,44827,46,71,"2025-09-21T05:24:40.000Z","❗Появились подробности ДТП [https://vk.com/wall-93211868_890140|на проспекте Гагарина]   По данным Г"
"20250921_1520","chp_nn","93211868","890140","2025-09-21T12:25:02.053Z",5,23998,53,74,"2025-09-20T19:03:44.000Z","❗Массовая авария с участием скорой помощи произошла на проспекте Гагарина   Предварительно, легковуш"
"20250921_1520","chp_nn","93211868","890130","2025-09-21T12:25:02.053Z",5,7316,21,3,"2025-09-20T18:38:15.000Z","❗Джазовый фестиваль в парке «Швейцария»"
"20250921_1520","chp_nn","93211868","890055","2025-09-21T12:25:02.053Z",5,51374,139,134,"2025-09-20T16:25:37.000Z","❗Взятка в 50 тысяч обернулась для инспектора ДПС миллионным штрафом    В июне 2025 года старший инсп"
"20250921_1520","chp_nn","93211868","890030","2025-09-21T12:25:02.053Z",5,13607,16,13,"2025-09-20T15:00:00.000Z","Просторный дом 121.5 м² в коттеджном посёлке «КП Майдан». Ипотека 6%!  Предлагаем вашему вниманию со"
"20250921_1520","chp_nn","93211868","890024","2025-09-21T12:25:02.053Z",5,12471,33,37,"2025-09-20T14:35:22.000Z","❗Вчерашнее ДТП на объездной дороге г. Кстово, сразу за поселком Зелецино   Водительница легкового ав"
"20250921_1510","chp_nn","93211868","889742","2025-09-21T12:25:02.336Z",15,89309,967,1521,"2025-09-20T04:37:48.000Z","❗😁 Не для слабонервных: в Сети всплыли жуткие кадры страшного преступления  Щенок корги нашёл дома "
"20250921_1510","chp_nn","93211868","890352","2025-09-21T12:25:02.337Z",15,1524,13,6,"2025-09-21T11:00:46.000Z","❗Нижегородский школьник вырастил гигантский овощ   15-летний парень из Навашинского округа привёз св"
"20250921_1510","chp_nn","93211868","890324","2025-09-21T12:25:02.337Z",15,4949,2,0,"2025-09-21T10:00:00.000Z","Забирайте всего за 1 рубль! Яйца куриные 365 ДНЕЙ, С2, 10 шт. за 1₽ при покупке от 3000 ₽ 1 чек =1 т"
"20250921_1510","chp_nn","93211868","890285","2025-09-21T12:25:02.337Z",15,16194,65,187,"2025-09-21T08:10:10.000Z","❗🤯 Жуткое ДТП на М5: водитель уснул за рулём    22-летний водитель «Kia Rio» выехал на встречку, ст"
"20250921_1510","chp_nn","93211868","890236","2025-09-21T12:25:02.337Z",15,44829,46,71,"2025-09-21T05:24:40.000Z","❗Появились подробности ДТП [https://vk.com/wall-93211868_890140|на проспекте Гагарина]   По данным Г"
"20250921_1510","chp_nn","93211868","890140","2025-09-21T12:25:02.337Z",15,23998,53,74,"2025-09-20T19:03:44.000Z","❗Массовая авария с участием скорой помощи произошла на проспекте Гагарина   Предварительно, легковуш"
"20250921_1510","chp_nn","93211868","890130","2025-09-21T12:25:02.337Z",15,7316,21,3,"2025-09-20T18:38:15.000Z","❗Джазовый фестиваль в парке «Швейцария»"
"20250921_1510","chp_nn","93211868","890055","2025-09-21T12:25:02.337Z",15,51375,139,134,"2025-09-20T16:25:37.000Z","❗Взятка в 50 тысяч обернулась для инспектора ДПС миллионным штрафом    В июне 2025 года старший инсп"
"20250921_1510","chp_nn","93211868","890030","2025-09-21T12:25:02.337Z",15,13607,16,13,"2025-09-20T15:00:00.000Z","Просторный дом 121.5 м² в коттеджном посёлке «КП Майдан». Ипотека 6%!  Предлагаем вашему вниманию со"
"20250921_1510","chp_nn","93211868","890024","2025-09-21T12:25:02.337Z",15,12471,33,37,"2025-09-20T14:35:22.000Z","❗Вчерашнее ДТП на объездной дороге г. Кстово, сразу за поселком Зелецино   Водительница легкового ав"
"20250921_1507","chp_nn","93211868","889742","2025-09-21T12:27:20.110Z",20,89337,967,1521,"2025-09-20T04:37:48.000Z","❗😁 Не для слабонервных: в Сети всплыли жуткие кадры страшного преступления  Щенок корги нашёл дома "
"20250921_1507","chp_nn","93211868","890352","2025-09-21T12:27:20.110Z",20,1543,13,6,"2025-09-21T11:00:46.000Z","❗Нижегородский школьник вырастил гигантский овощ   15-летний парень из Навашинского округа привёз св"
"20250921_1507","chp_nn","93211868","890324","2025-09-21T12:27:20.110Z",20,5059,2,0,"2025-09-21T10:00:00.000Z","Забирайте всего за 1 рубль! Яйца куриные 365 ДНЕЙ, С2, 10 шт. за 1₽ при покупке от 3000 ₽ 1 чек =1 т"
"20250921_1507","chp_nn","93211868","890285","2025-09-21T12:27:20.110Z",20,16359,65,187,"2025-09-21T08:10:10.000Z","❗🤯 Жуткое ДТП на М5: водитель уснул за рулём    22-летний водитель «Kia Rio» выехал на встречку, ст"
"20250921_1507","chp_nn","93211868","890236","2025-09-21T12:27:20.110Z",20,45018,46,72,"2025-09-21T05:24:40.000Z","❗Появились подробности ДТП [https://vk.com/wall-93211868_890140|на проспекте Гагарина]   По данным Г"
"20250921_1507","chp_nn","93211868","890140","2025-09-21T12:27:20.110Z",20,24025,53,74,"2025-09-20T19:03:44.000Z","❗Массовая авария с участием скорой помощи произошла на проспекте Гагарина   Предварительно, легковуш"
"20250921_1507","chp_nn","93211868","890130","2025-09-21T12:27:20.110Z",20,7329,21,3,"2025-09-20T18:38:15.000Z","❗Джазовый фестиваль в парке «Швейцария»"
"20250921_1507","chp_nn","93211868","890055","2025-09-21T12:27:20.110Z",20,51463,140,134,"2025-09-20T16:25:37.000Z","❗Взятка в 50 тысяч обернулась для инспектора ДПС миллионным штрафом    В июне 2025 года старший инсп"
"20250921_1507","chp_nn","93211868","890030","2025-09-21T12:27:20.110Z",20,13631,16,13,"2025-09-20T15:00:00.000Z","Просторный дом 121.5 м² в коттеджном посёлке «КП Майдан». Ипотека 6%!  Предлагаем вашему вниманию со"
"20250921_1507","chp_nn","93211868","890024","2025-09-21T12:27:20.110Z",20,12489,33,37,"2025-09-20T14:35:22.000Z","❗Вчерашнее ДТП на объездной дороге г. Кстово, сразу за поселком Зелецино   Водительница легкового ав"
